bench,variant,size,run,us,compressed_len,ret
bench_snappy_compress,mem0,1,0,43.252,3,0
bench_snappy_compress,mem0,1,1,37.445,3,0
bench_snappy_compress,mem0,1,2,35.943,3,0
bench_snappy_compress,mem0,1,3,60.773,3,0
bench_snappy_compress,mem0,1,4,45.855,3,0
bench_snappy_compress,mem0,2,0,36.144,4,0
bench_snappy_compress,mem0,2,1,40.148,4,0
bench_snappy_compress,mem0,2,2,37.144,4,0
bench_snappy_compress,mem0,2,3,40.649,4,0
bench_snappy_compress,mem0,2,4,37.044,4,0
bench_snappy_compress,mem0,4,0,41.550,6,0
bench_snappy_compress,mem0,4,1,36.544,6,0
bench_snappy_compress,mem0,4,2,37.044,6,0
bench_snappy_compress,mem0,4,3,44.053,6,0
bench_snappy_compress,mem0,4,4,38.247,6,0
bench_snappy_compress,mem0,8,0,41.952,10,0
bench_snappy_compress,mem0,8,1,37.346,10,0
bench_snappy_compress,mem0,8,2,36.444,10,0
bench_snappy_compress,mem0,8,3,38.748,10,0
bench_snappy_compress,mem0,8,4,36.645,10,0
bench_snappy_compress,mem0,16,0,42.952,18,0
bench_snappy_compress,mem0,16,1,36.645,18,0
bench_snappy_compress,mem0,16,2,37.045,18,0
bench_snappy_compress,mem0,16,3,46.958,18,0
bench_snappy_compress,mem0,16,4,37.646,18,0
bench_snappy_compress,mem0,32,0,43.153,34,0
bench_snappy_compress,mem0,32,1,37.246,34,0
bench_snappy_compress,mem0,32,2,42.752,34,0
bench_snappy_compress,mem0,32,3,37.446,34,0
bench_snappy_compress,mem0,32,4,36.444,34,0
bench_snappy_compress,mem0,64,0,37.946,67,0
bench_snappy_compress,mem0,64,1,37.546,67,0
bench_snappy_compress,mem0,64,2,43.052,67,0
bench_snappy_compress,mem0,64,3,37.345,67,0
bench_snappy_compress,mem0,64,4,37.245,67,0
bench_snappy_compress,mem0,128,0,39.248,132,0
bench_snappy_compress,mem0,128,1,38.347,132,0
bench_snappy_compress,mem0,128,2,43.953,132,0
bench_snappy_compress,mem0,128,3,45.656,132,0
bench_snappy_compress,mem0,128,4,38.748,132,0
bench_snappy_compress,mem0,256,0,40.349,260,0
bench_snappy_compress,mem0,256,1,39.248,260,0
bench_snappy_compress,mem0,256,2,48.259,260,0
bench_snappy_compress,mem0,256,3,40.750,260,0
bench_snappy_compress,mem0,256,4,51.463,260,0
bench_snappy_compress,mem0,512,0,41.150,274,0
bench_snappy_compress,mem0,512,1,39.648,274,0
bench_snappy_compress,mem0,512,2,50.862,274,0
bench_snappy_compress,mem0,512,3,39.849,274,0
bench_snappy_compress,mem0,512,4,40.249,274,0
bench_snappy_compress,mem0,1024,0,41.951,298,0
bench_snappy_compress,mem0,1024,1,41.551,298,0
bench_snappy_compress,mem0,1024,2,42.752,298,0
bench_snappy_compress,mem0,1024,3,42.552,298,0
bench_snappy_compress,mem0,1024,4,42.352,298,0
bench_snappy_compress,mem0,2048,0,51.663,346,0
bench_snappy_compress,mem0,2048,1,70.686,346,0
bench_snappy_compress,mem0,2048,2,47.558,346,0
bench_snappy_compress,mem0,2048,3,46.357,346,0
bench_snappy_compress,mem0,2048,4,46.957,346,0
bench_snappy_compress,mem0,4096,0,57.771,442,0
bench_snappy_compress,mem0,4096,1,63.278,442,0
bench_snappy_compress,mem0,4096,2,57.471,442,0
bench_snappy_compress,mem0,4096,3,57.270,442,0
bench_snappy_compress,mem0,4096,4,57.170,442,0
bench_snappy_compress,mem0,8192,0,75.392,634,0
bench_snappy_compress,mem0,8192,1,128.257,634,0
bench_snappy_compress,mem0,8192,2,75.692,634,0
bench_snappy_compress,mem0,8192,3,80.198,634,0
bench_snappy_compress,mem0,8192,4,75.192,634,0
bench_snappy_compress,mem0,16384,0,127.857,1019,0
bench_snappy_compress,mem0,16384,1,111.236,1019,0
bench_snappy_compress,mem0,16384,2,109.634,1019,0
bench_snappy_compress,mem0,16384,3,109.734,1019,0
bench_snappy_compress,mem0,16384,4,109.234,1019,0
bench_snappy_compress,mem0,32768,0,162.598,1787,0
bench_snappy_compress,mem0,32768,1,181.622,1787,0
bench_snappy_compress,mem0,32768,2,162.799,1787,0
bench_snappy_compress,mem0,32768,3,178.118,1787,0
bench_snappy_compress,mem0,32768,4,162.399,1787,0
bench_snappy_compress,mem0,65536,0,269.930,3323,0
bench_snappy_compress,mem0,65536,1,266.626,3323,0
bench_snappy_compress,mem0,65536,2,264.223,3323,0
bench_snappy_compress,mem0,65536,3,271.633,3323,0
bench_snappy_compress,mem0,65536,4,263.323,3323,0
bench_snappy_compress,mem0,131072,0,509.624,6643,0
bench_snappy_compress,mem0,131072,1,484.193,6643,0
bench_snappy_compress,mem0,131072,2,493.103,6643,0
bench_snappy_compress,mem0,131072,3,503.516,6643,0
bench_snappy_compress,mem0,131072,4,502.515,6643,0
bench_snappy_compress,mem0,262144,0,930.438,13283,0
bench_snappy_compress,mem0,262144,1,932.140,13283,0
bench_snappy_compress,mem0,262144,2,953.166,13283,0
bench_snappy_compress,mem0,262144,3,937.246,13283,0
bench_snappy_compress,mem0,262144,4,951.564,13283,0
bench_snappy_compress,mem0,524288,0,1850.264,26563,0
bench_snappy_compress,mem0,524288,1,1819.026,26563,0
bench_snappy_compress,mem0,524288,2,1838.749,26563,0
bench_snappy_compress,mem0,524288,3,1832.242,26563,0
bench_snappy_compress,mem0,524288,4,1849.362,26563,0
bench_snappy_compress,mem0,1048576,0,3615.022,53123,0
bench_snappy_compress,mem0,1048576,1,3665.183,53123,0
bench_snappy_compress,mem0,1048576,2,3607.013,53123,0
bench_snappy_compress,mem0,1048576,3,3649.965,53123,0
bench_snappy_compress,mem0,1048576,4,3679.601,53123,0
bench_snappy_compress,mem0,2097152,0,7253.474,106244,0
bench_snappy_compress,mem0,2097152,1,7214.226,106244,0
bench_snappy_compress,mem0,2097152,2,7233.149,106244,0
bench_snappy_compress,mem0,2097152,3,7210.120,106244,0
bench_snappy_compress,mem0,2097152,4,7304.336,106244,0
