bench,variant,size,run,us,compressed_len,ret
bench_snappy_uncompress,mem0,1,0,34.041,3,0
bench_snappy_uncompress,mem0,1,1,29.836,3,0
bench_snappy_uncompress,mem0,1,2,34.441,3,0
bench_snappy_uncompress,mem0,1,3,30.136,3,0
bench_snappy_uncompress,mem0,1,4,31.437,3,0
bench_snappy_uncompress,mem0,2,0,30.136,4,0
bench_snappy_uncompress,mem0,2,1,31.138,4,0
bench_snappy_uncompress,mem0,2,2,30.136,4,0
bench_snappy_uncompress,mem0,2,3,30.938,4,0
bench_snappy_uncompress,mem0,2,4,30.536,4,0
bench_snappy_uncompress,mem0,4,0,30.736,6,0
bench_snappy_uncompress,mem0,4,1,30.436,6,0
bench_snappy_uncompress,mem0,4,2,30.036,6,0
bench_snappy_uncompress,mem0,4,3,31.138,6,0
bench_snappy_uncompress,mem0,4,4,30.838,6,0
bench_snappy_uncompress,mem0,8,0,30.938,10,0
bench_snappy_uncompress,mem0,8,1,30.437,10,0
bench_snappy_uncompress,mem0,8,2,30.237,10,0
bench_snappy_uncompress,mem0,8,3,30.638,10,0
bench_snappy_uncompress,mem0,8,4,30.437,10,0
bench_snappy_uncompress,mem0,16,0,31.038,18,0
bench_snappy_uncompress,mem0,16,1,30.538,18,0
bench_snappy_uncompress,mem0,16,2,49.461,18,0
bench_snappy_uncompress,mem0,16,3,31.638,18,0
bench_snappy_uncompress,mem0,16,4,30.237,18,0
bench_snappy_uncompress,mem0,32,0,31.339,34,0
bench_snappy_uncompress,mem0,32,1,30.638,34,0
bench_snappy_uncompress,mem0,32,2,30.637,34,0
bench_snappy_uncompress,mem0,32,3,31.939,34,0
bench_snappy_uncompress,mem0,32,4,30.036,34,0
bench_snappy_uncompress,mem0,64,0,30.938,67,0
bench_snappy_uncompress,mem0,64,1,30.036,67,0
bench_snappy_uncompress,mem0,64,2,30.738,67,0
bench_snappy_uncompress,mem0,64,3,30.537,67,0
bench_snappy_uncompress,mem0,64,4,30.237,67,0
bench_snappy_uncompress,mem0,128,0,31.038,132,0
bench_snappy_uncompress,mem0,128,1,30.537,132,0
bench_snappy_uncompress,mem0,128,2,149.483,132,0
bench_snappy_uncompress,mem0,128,3,31.639,132,0
bench_snappy_uncompress,mem0,128,4,31.138,132,0
bench_snappy_uncompress,mem0,256,0,31.138,260,0
bench_snappy_uncompress,mem0,256,1,29.836,260,0
bench_snappy_uncompress,mem0,256,2,32.840,260,0
bench_snappy_uncompress,mem0,256,3,31.338,260,0
bench_snappy_uncompress,mem0,256,4,33.040,260,0
bench_snappy_uncompress,mem0,512,0,30.438,274,0
bench_snappy_uncompress,mem0,512,1,57.270,274,0
bench_snappy_uncompress,mem0,512,2,31.538,274,0
bench_snappy_uncompress,mem0,512,3,30.537,274,0
bench_snappy_uncompress,mem0,512,4,30.938,274,0
bench_snappy_uncompress,mem0,1024,0,31.739,298,0
bench_snappy_uncompress,mem0,1024,1,37.746,298,0
bench_snappy_uncompress,mem0,1024,2,31.839,298,0
bench_snappy_uncompress,mem0,1024,3,32.039,298,0
bench_snappy_uncompress,mem0,1024,4,32.039,298,0
bench_snappy_uncompress,mem0,2048,0,35.544,346,0
bench_snappy_uncompress,mem0,2048,1,36.545,346,0
bench_snappy_uncompress,mem0,2048,2,35.343,346,0
bench_snappy_uncompress,mem0,2048,3,35.343,346,0
bench_snappy_uncompress,mem0,2048,4,35.143,346,0
bench_snappy_uncompress,mem0,4096,0,40.650,442,0
bench_snappy_uncompress,mem0,4096,1,40.750,442,0
bench_snappy_uncompress,mem0,4096,2,40.149,442,0
bench_snappy_uncompress,mem0,4096,3,39.449,442,0
bench_snappy_uncompress,mem0,4096,4,40.350,442,0
bench_snappy_uncompress,mem0,8192,0,53.966,634,0
bench_snappy_uncompress,mem0,8192,1,54.567,634,0
bench_snappy_uncompress,mem0,8192,2,50.362,634,0
bench_snappy_uncompress,mem0,8192,3,51.463,634,0
bench_snappy_uncompress,mem0,8192,4,50.562,634,0
bench_snappy_uncompress,mem0,16384,0,97.419,1019,0
bench_snappy_uncompress,mem0,16384,1,72.990,1019,0
bench_snappy_uncompress,mem0,16384,2,72.188,1019,0
bench_snappy_uncompress,mem0,16384,3,73.290,1019,0
bench_snappy_uncompress,mem0,16384,4,74.792,1019,0
bench_snappy_uncompress,mem0,32768,0,117.043,1787,0
bench_snappy_uncompress,mem0,32768,1,140.172,1787,0
bench_snappy_uncompress,mem0,32768,2,115.741,1787,0
bench_snappy_uncompress,mem0,32768,3,120.848,1787,0
bench_snappy_uncompress,mem0,32768,4,115.441,1787,0
bench_snappy_uncompress,mem0,65536,0,202.548,3323,0
bench_snappy_uncompress,mem0,65536,1,222.372,3323,0
bench_snappy_uncompress,mem0,65536,2,200.145,3323,0
bench_snappy_uncompress,mem0,65536,3,199.845,3323,0
bench_snappy_uncompress,mem0,65536,4,199.644,3323,0
bench_snappy_uncompress,mem0,131072,0,379.464,6643,0
bench_snappy_uncompress,mem0,131072,1,368.651,6643,0
bench_snappy_uncompress,mem0,131072,2,418.612,6643,0
bench_snappy_uncompress,mem0,131072,3,371.154,6643,0
bench_snappy_uncompress,mem0,131072,4,370.253,6643,0
bench_snappy_uncompress,mem0,262144,0,717.277,13283,0
bench_snappy_uncompress,mem0,262144,1,726.889,13283,0
bench_snappy_uncompress,mem0,262144,2,738.503,13283,0
bench_snappy_uncompress,mem0,262144,3,756.626,13283,0
bench_snappy_uncompress,mem0,262144,4,716.176,13283,0
bench_snappy_uncompress,mem0,524288,0,1425.845,26563,0
bench_snappy_uncompress,mem0,524288,1,1424.543,26563,0
bench_snappy_uncompress,mem0,524288,2,1421.739,26563,0
bench_snappy_uncompress,mem0,524288,3,1415.933,26563,0
bench_snappy_uncompress,mem0,524288,4,1412.528,26563,0
bench_snappy_uncompress,mem0,1048576,0,2801.628,53123,0
bench_snappy_uncompress,mem0,1048576,1,2782.604,53123,0
bench_snappy_uncompress,mem0,1048576,2,2799.925,53123,0
bench_snappy_uncompress,mem0,1048576,3,2785.708,53123,0
bench_snappy_uncompress,mem0,1048576,4,2780.101,53123,0
bench_snappy_uncompress,mem0,2097152,0,5557.599,106244,0
bench_snappy_uncompress,mem0,2097152,1,5526.361,106244,0
bench_snappy_uncompress,mem0,2097152,2,5543.482,106244,0
bench_snappy_uncompress,mem0,2097152,3,5496.725,106244,0
bench_snappy_uncompress,mem0,2097152,4,5530.666,106244,0
