bench,variant,size,run,us,compressed_len,ret
bench_snappy_compress,mem1,1,0,54.163,3,0
bench_snappy_compress,mem1,1,1,49.266,3,0
bench_snappy_compress,mem1,1,2,48.067,3,0
bench_snappy_compress,mem1,1,3,48.667,3,0
bench_snappy_compress,mem1,1,4,47.667,3,0
bench_snappy_compress,mem1,2,0,49.266,4,0
bench_snappy_compress,mem1,2,1,53.963,4,0
bench_snappy_compress,mem1,2,2,53.763,4,0
bench_snappy_compress,mem1,2,3,65.355,4,0
bench_snappy_compress,mem1,2,4,48.167,4,0
bench_snappy_compress,mem1,4,0,47.267,6,0
bench_snappy_compress,mem1,4,1,54.363,6,0
bench_snappy_compress,mem1,4,2,48.167,6,0
bench_snappy_compress,mem1,4,3,48.467,6,0
bench_snappy_compress,mem1,4,4,47.667,6,0
bench_snappy_compress,mem1,8,0,54.962,10,0
bench_snappy_compress,mem1,8,1,47.567,10,0
bench_snappy_compress,mem1,8,2,54.762,10,0
bench_snappy_compress,mem1,8,3,48.067,10,0
bench_snappy_compress,mem1,8,4,54.663,10,0
bench_snappy_compress,mem1,16,0,48.866,18,0
bench_snappy_compress,mem1,16,1,53.464,18,0
bench_snappy_compress,mem1,16,2,54.463,18,0
bench_snappy_compress,mem1,16,3,100.231,18,0
bench_snappy_compress,mem1,16,4,48.067,18,0
bench_snappy_compress,mem1,32,0,49.167,34,0
bench_snappy_compress,mem1,32,1,48.567,34,0
bench_snappy_compress,mem1,32,2,50.966,34,0
bench_snappy_compress,mem1,32,3,48.466,34,0
bench_snappy_compress,mem1,32,4,55.062,34,0
bench_snappy_compress,mem1,64,0,49.666,67,0
bench_snappy_compress,mem1,64,1,54.862,67,0
bench_snappy_compress,mem1,64,2,49.766,67,0
bench_snappy_compress,mem1,64,3,55.962,67,0
bench_snappy_compress,mem1,64,4,49.166,67,0
bench_snappy_compress,mem1,128,0,60.258,132,0
bench_snappy_compress,mem1,128,1,51.664,132,0
bench_snappy_compress,mem1,128,2,50.765,132,0
bench_snappy_compress,mem1,128,3,50.965,132,0
bench_snappy_compress,mem1,128,4,50.865,132,0
bench_snappy_compress,mem1,256,0,54.762,260,0
bench_snappy_compress,mem1,256,1,56.562,260,0
bench_snappy_compress,mem1,256,2,53.863,260,0
bench_snappy_compress,mem1,256,3,53.663,260,0
bench_snappy_compress,mem1,256,4,55.762,260,0
bench_snappy_compress,mem1,512,0,60.859,274,0
bench_snappy_compress,mem1,512,1,58.360,274,0
bench_snappy_compress,mem1,512,2,63.856,274,0
bench_snappy_compress,mem1,512,3,58.559,274,0
bench_snappy_compress,mem1,512,4,58.360,274,0
bench_snappy_compress,mem1,1024,0,67.554,298,0
bench_snappy_compress,mem1,1024,1,66.555,298,0
bench_snappy_compress,mem1,1024,2,72.351,298,0
bench_snappy_compress,mem1,1024,3,67.554,298,0
bench_snappy_compress,mem1,1024,4,67.854,298,0
bench_snappy_compress,mem1,2048,0,86.640,346,0
bench_snappy_compress,mem1,2048,1,88.139,346,0
bench_snappy_compress,mem1,2048,2,86.641,346,0
bench_snappy_compress,mem1,2048,3,86.341,346,0
bench_snappy_compress,mem1,2048,4,86.440,346,0
bench_snappy_compress,mem1,4096,0,129.611,442,0
bench_snappy_compress,mem1,4096,1,128.013,442,0
bench_snappy_compress,mem1,4096,2,131.510,442,0
bench_snappy_compress,mem1,4096,3,125.414,442,0
bench_snappy_compress,mem1,4096,4,126.414,442,0
bench_snappy_compress,mem1,8192,0,210.156,634,0
bench_snappy_compress,mem1,8192,1,225.546,634,0
bench_snappy_compress,mem1,8192,2,204.360,634,0
bench_snappy_compress,mem1,8192,3,222.447,634,0
bench_snappy_compress,mem1,8192,4,206.958,634,0
bench_snappy_compress,mem1,16384,0,366.449,1019,0
bench_snappy_compress,mem1,16384,1,364.551,1019,0
bench_snappy_compress,mem1,16384,2,377.741,1019,0
bench_snappy_compress,mem1,16384,3,364.750,1019,0
bench_snappy_compress,mem1,16384,4,360.953,1019,0
bench_snappy_compress,mem1,32768,0,659.448,1787,0
bench_snappy_compress,mem1,32768,1,648.955,1787,0
bench_snappy_compress,mem1,32768,2,647.756,1787,0
bench_snappy_compress,mem1,32768,3,653.852,1787,0
bench_snappy_compress,mem1,32768,4,671.040,1787,0
bench_snappy_compress,mem1,65536,0,1261.535,3323,0
bench_snappy_compress,mem1,65536,1,1268.331,3323,0
bench_snappy_compress,mem1,65536,2,1233.055,3323,0
bench_snappy_compress,mem1,65536,3,1235.554,3323,0
bench_snappy_compress,mem1,65536,4,1251.542,3323,0
bench_snappy_compress,mem1,131072,0,2425.838,6643,0
bench_snappy_compress,mem1,131072,1,2478.901,6643,0
bench_snappy_compress,mem1,131072,2,2478.501,6643,0
bench_snappy_compress,mem1,131072,3,2427.736,6643,0
bench_snappy_compress,mem1,131072,4,2421.540,6643,0
bench_snappy_compress,mem1,262144,0,4824.594,13283,0
bench_snappy_compress,mem1,262144,1,4811.703,13283,0
bench_snappy_compress,mem1,262144,2,4781.124,13283,0
bench_snappy_compress,mem1,262144,3,4824.794,13283,0
bench_snappy_compress,mem1,262144,4,4826.593,13283,0
bench_snappy_compress,mem1,524288,0,9589.029,26563,0
bench_snappy_compress,mem1,524288,1,9541.961,26563,0
bench_snappy_compress,mem1,524288,2,9544.959,26563,0
bench_snappy_compress,mem1,524288,3,9517.978,26563,0
bench_snappy_compress,mem1,524288,4,9517.478,26563,0
bench_snappy_compress,mem1,1048576,0,19041.252,53123,0
bench_snappy_compress,mem1,1048576,1,18679.300,53123,0
bench_snappy_compress,mem1,1048576,2,18700.385,53123,0
bench_snappy_compress,mem1,1048576,3,18544.792,53123,0
bench_snappy_compress,mem1,1048576,4,18692.990,53123,0
bench_snappy_compress,mem1,2097152,0,37368.993,106244,0
bench_snappy_compress,mem1,2097152,1,37368.893,106244,0
bench_snappy_compress,mem1,2097152,2,38134.868,106244,0
bench_snappy_compress,mem1,2097152,3,37775.614,106244,0
bench_snappy_compress,mem1,2097152,4,37484.314,106244,0
