bench,variant,size,run,us,compressed_len,ret
bench_snappy_uncompress,mem1,1,0,74.749,3,0
bench_snappy_uncompress,mem1,1,1,44.070,3,0
bench_snappy_uncompress,mem1,1,2,47.168,3,0
bench_snappy_uncompress,mem1,1,3,43.070,3,0
bench_snappy_uncompress,mem1,1,4,42.871,3,0
bench_snappy_uncompress,mem1,2,0,44.469,4,0
bench_snappy_uncompress,mem1,2,1,44.169,4,0
bench_snappy_uncompress,mem1,2,2,43.970,4,0
bench_snappy_uncompress,mem1,2,3,47.167,4,0
bench_snappy_uncompress,mem1,2,4,43.170,4,0
bench_snappy_uncompress,mem1,4,0,43.570,6,0
bench_snappy_uncompress,mem1,4,1,61.858,6,0
bench_snappy_uncompress,mem1,4,2,43.170,6,0
bench_snappy_uncompress,mem1,4,3,43.270,6,0
bench_snappy_uncompress,mem1,4,4,42.971,6,0
bench_snappy_uncompress,mem1,8,0,44.569,10,0
bench_snappy_uncompress,mem1,8,1,43.670,10,0
bench_snappy_uncompress,mem1,8,2,43.870,10,0
bench_snappy_uncompress,mem1,8,3,47.767,10,0
bench_snappy_uncompress,mem1,8,4,43.970,10,0
bench_snappy_uncompress,mem1,16,0,43.570,18,0
bench_snappy_uncompress,mem1,16,1,43.870,18,0
bench_snappy_uncompress,mem1,16,2,43.670,18,0
bench_snappy_uncompress,mem1,16,3,45.469,18,0
bench_snappy_uncompress,mem1,16,4,46.868,18,0
bench_snappy_uncompress,mem1,32,0,43.970,34,0
bench_snappy_uncompress,mem1,32,1,43.071,34,0
bench_snappy_uncompress,mem1,32,2,71.252,34,0
bench_snappy_uncompress,mem1,32,3,43.070,34,0
bench_snappy_uncompress,mem1,32,4,44.270,34,0
bench_snappy_uncompress,mem1,64,0,43.670,67,0
bench_snappy_uncompress,mem1,64,1,44.070,67,0
bench_snappy_uncompress,mem1,64,2,43.670,67,0
bench_snappy_uncompress,mem1,64,3,44.869,67,0
bench_snappy_uncompress,mem1,64,4,43.970,67,0
bench_snappy_uncompress,mem1,128,0,45.569,132,0
bench_snappy_uncompress,mem1,128,1,44.969,132,0
bench_snappy_uncompress,mem1,128,2,67.754,132,0
bench_snappy_uncompress,mem1,128,3,45.369,132,0
bench_snappy_uncompress,mem1,128,4,44.470,132,0
bench_snappy_uncompress,mem1,256,0,46.468,260,0
bench_snappy_uncompress,mem1,256,1,46.068,260,0
bench_snappy_uncompress,mem1,256,2,46.468,260,0
bench_snappy_uncompress,mem1,256,3,45.669,260,0
bench_snappy_uncompress,mem1,256,4,47.467,260,0
bench_snappy_uncompress,mem1,512,0,48.866,274,0
bench_snappy_uncompress,mem1,512,1,48.966,274,0
bench_snappy_uncompress,mem1,512,2,48.766,274,0
bench_snappy_uncompress,mem1,512,3,90.638,274,0
bench_snappy_uncompress,mem1,512,4,52.464,274,0
bench_snappy_uncompress,mem1,1024,0,54.363,298,0
bench_snappy_uncompress,mem1,1024,1,53.564,298,0
bench_snappy_uncompress,mem1,1024,2,54.462,298,0
bench_snappy_uncompress,mem1,1024,3,54.263,298,0
bench_snappy_uncompress,mem1,1024,4,53.963,298,0
bench_snappy_uncompress,mem1,2048,0,62.757,346,0
bench_snappy_uncompress,mem1,2048,1,113.722,346,0
bench_snappy_uncompress,mem1,2048,2,62.557,346,0
bench_snappy_uncompress,mem1,2048,3,62.357,346,0
bench_snappy_uncompress,mem1,2048,4,62.257,346,0
bench_snappy_uncompress,mem1,4096,0,84.842,442,0
bench_snappy_uncompress,mem1,4096,1,84.242,442,0
bench_snappy_uncompress,mem1,4096,2,84.542,442,0
bench_snappy_uncompress,mem1,4096,3,100.032,442,0
bench_snappy_uncompress,mem1,4096,4,88.140,442,0
bench_snappy_uncompress,mem1,8192,0,126.314,634,0
bench_snappy_uncompress,mem1,8192,1,124.814,634,0
bench_snappy_uncompress,mem1,8192,2,160.090,634,0
bench_snappy_uncompress,mem1,8192,3,125.614,634,0
bench_snappy_uncompress,mem1,8192,4,125.713,634,0
bench_snappy_uncompress,mem1,16384,0,209.656,1019,0
bench_snappy_uncompress,mem1,16384,1,210.656,1019,0
bench_snappy_uncompress,mem1,16384,2,205.660,1019,0
bench_snappy_uncompress,mem1,16384,3,209.656,1019,0
bench_snappy_uncompress,mem1,16384,4,205.359,1019,0
bench_snappy_uncompress,mem1,32768,0,369.247,1787,0
bench_snappy_uncompress,mem1,32768,1,361.852,1787,0
bench_snappy_uncompress,mem1,32768,2,382.138,1787,0
bench_snappy_uncompress,mem1,32768,3,376.242,1787,0
bench_snappy_uncompress,mem1,32768,4,368.747,1787,0
bench_snappy_uncompress,mem1,65536,0,683.032,3323,0
bench_snappy_uncompress,mem1,65536,1,684.931,3323,0
bench_snappy_uncompress,mem1,65536,2,787.461,3323,0
bench_snappy_uncompress,mem1,65536,3,704.117,3323,0
bench_snappy_uncompress,mem1,65536,4,674.738,3323,0
bench_snappy_uncompress,mem1,131072,0,1364.865,6643,0
bench_snappy_uncompress,mem1,131072,1,1318.097,6643,0
bench_snappy_uncompress,mem1,131072,2,1348.676,6643,0
bench_snappy_uncompress,mem1,131072,3,1323.093,6643,0
bench_snappy_uncompress,mem1,131072,4,1345.778,6643,0
bench_snappy_uncompress,mem1,262144,0,2584.929,13283,0
bench_snappy_uncompress,mem1,262144,1,2642.389,13283,0
bench_snappy_uncompress,mem1,262144,2,2596.521,13283,0
bench_snappy_uncompress,mem1,262144,3,2591.424,13283,0
bench_snappy_uncompress,mem1,262144,4,2607.113,13283,0
bench_snappy_uncompress,mem1,524288,0,5148.472,26563,0
bench_snappy_uncompress,mem1,524288,1,5101.204,26563,0
bench_snappy_uncompress,mem1,524288,2,5104.502,26563,0
bench_snappy_uncompress,mem1,524288,3,5120.691,26563,0
bench_snappy_uncompress,mem1,524288,4,5162.362,26563,0
bench_snappy_uncompress,mem1,1048576,0,9977.863,53123,0
bench_snappy_uncompress,mem1,1048576,1,10027.628,53123,0
bench_snappy_uncompress,mem1,1048576,2,9940.887,53123,0
bench_snappy_uncompress,mem1,1048576,3,10088.787,53123,0
bench_snappy_uncompress,mem1,1048576,4,10209.104,53123,0
bench_snappy_uncompress,mem1,2097152,0,19894.767,106244,0
bench_snappy_uncompress,mem1,2097152,1,20079.441,106244,0
bench_snappy_uncompress,mem1,2097152,2,20069.147,106244,0
bench_snappy_uncompress,mem1,2097152,3,20071.646,106244,0
bench_snappy_uncompress,mem1,2097152,4,19908.858,106244,0
